fam,ind,y,bvar,qvar
1,1,1,-0.302,0.208
1,4,1,-0.302,-0.291
2,4,1,-0.302,-0.378
5,2,1,-0.302,-0.42
8,2,1,-0.302,-0.459
13,1,1,-0.302,-0.458
13,2,1,-0.302,-0.252
13,3,1,-0.302,-0.205
15,1,1,-0.302,0.324
20,4,1,-0.302,-0.409
21,1,1,0.698,-0.353
21,3,1,-0.302,-0.147
29,4,1,-0.302,-0.153
35,4,1,-0.302,0.222
39,4,1,-0.302,0.376
40,1,1,-0.302,-0.433
45,2,1,-0.302,0.243
47,4,1,-0.302,-0.472
50,3,1,-0.302,0.259
53,1,1,-0.302,-0.175
58,2,1,0.698,-0.328
58,3,1,-0.302,-0.332
59,3,1,-0.302,-0.318
59,4,1,-0.302,-0.344
60,2,1,-0.302,-0.281
65,1,1,-0.302,-0.215
66,1,1,-0.302,-0.141
66,2,1,-0.302,-0.128
66,4,1,-0.302,-0.357
68,1,1,-0.302,-0.461
69,3,1,0.698,-0.286
69,4,1,0.698,0.137
70,2,1,-0.302,-0.419
71,1,1,-0.302,-0.314
71,4,1,0.698,-0.235
72,4,1,-0.302,-0.481
74,2,1,-0.302,0.039
75,4,1,-0.302,-0.067
77,2,1,-0.302,0
83,4,1,-0.302,-0.447
91,2,1,-0.302,-0.043
91,3,1,-0.302,-0.475
91,4,1,-0.302,-0.302
93,1,1,-0.302,-0.368
94,1,1,-0.302,0.448
94,2,1,-0.302,-0.215
95,2,1,-0.302,0.129
95,4,1,-0.302,-0.337
98,4,1,-0.302,0.219
99,4,1,-0.302,-0.206
106,3,1,-0.302,0.112
106,4,1,-0.302,-0.267
108,3,1,-0.302,-0.484
109,1,1,-0.302,-0.003
112,1,1,0.698,0.305
112,3,1,-0.302,0.141
115,2,1,-0.302,-0.038
117,1,1,-0.302,0.083
117,3,1,-0.302,-0.382
117,4,1,-0.302,-0.298
119,2,1,-0.302,0.192
131,2,1,-0.302,-0.169
131,4,1,-0.302,-0.017
132,1,1,-0.302,-0.122
132,4,1,-0.302,-0.099
139,2,1,-0.302,-0.311
146,1,1,-0.302,0.221
146,3,1,-0.302,-0.403
147,2,1,-0.302,-0.439
150,1,1,-0.302,-0.431
155,1,1,-0.302,-0.038
161,4,1,0.698,-0.483
166,2,1,-0.302,-0.158
168,2,1,-0.302,0.225
168,3,1,-0.302,-0.392
168,4,1,0.698,-0.416
169,2,1,-0.302,-0.466
171,1,1,0.698,0.492
171,2,1,-0.302,0.034
171,3,1,-0.302,0.344
173,2,1,-0.302,0.286
173,3,1,-0.302,0.26
173,4,1,-0.302,-0.21
174,2,1,-0.302,0.007
178,3,1,0.698,-0.173
183,2,1,0.698,-0.467
184,1,1,0.698,0.342
184,2,1,-0.302,-0.465
184,3,1,-0.302,-0.154
185,2,1,-0.302,-0.266
188,4,1,-0.302,0.19
191,3,1,-0.302,0.346
191,4,1,-0.302,0.492
192,2,1,0.698,0.202
193,3,1,-0.302,0.261
194,1,1,-0.302,0.406
194,2,1,-0.302,-0.264
199,1,1,-0.302,0.327
199,3,1,0.698,-0.472
200,1,1,0.698,0.216
203,1,1,-0.302,-0.406
204,3,1,-0.302,0.245
207,4,1,-0.302,0.214
208,1,1,-0.302,-0.461
208,2,1,-0.302,-0.257
208,4,1,-0.302,0.071
209,2,1,-0.302,0.356
209,3,1,-0.302,-0.038
210,1,1,-0.302,-0.38
210,2,1,-0.302,0.014
213,1,1,-0.302,-0.467
215,2,1,-0.302,-0.364
217,4,1,-0.302,0.373
218,1,1,-0.302,0.481
218,3,1,-0.302,-0.45
218,4,1,-0.302,-0.118
219,3,1,-0.302,0.236
219,4,1,-0.302,-0.159
233,3,1,-0.302,-0.231
235,4,1,0.698,-0.153
247,4,1,-0.302,-0.466
250,2,1,-0.302,-0.13
252,1,1,-0.302,0.361
257,1,1,-0.302,-0.12
257,4,1,-0.302,-0.436
258,3,1,0.698,-0.366
260,2,1,-0.302,0.037
260,3,1,-0.302,-0.093
261,1,1,-0.302,-0.485
262,3,1,-0.302,-0.405
268,1,1,-0.302,0.496
268,3,1,-0.302,-0.061
269,2,1,-0.302,-0.39
270,3,1,-0.302,-0.48
271,1,1,-0.302,-0.114
274,3,1,0.698,-0.403
275,1,1,-0.302,-0.373
275,3,1,-0.302,-0.24
277,1,1,-0.302,0.347
278,1,1,-0.302,-0.144
279,2,1,-0.302,0.286
279,3,1,-0.302,-0.297
281,4,1,-0.302,0.239
284,3,1,-0.302,-0.387
287,1,1,0.698,0.245
287,4,1,-0.302,0.481
290,1,1,-0.302,-0.332
291,1,1,-0.302,-0.337
291,2,1,0.698,-0.092
296,3,1,-0.302,0.137
297,2,1,-0.302,-0.02
301,3,1,-0.302,-0.209
302,1,1,-0.302,0.132
305,1,1,-0.302,0.274
305,4,1,-0.302,-0.237
311,1,1,-0.302,0.126
311,2,1,-0.302,-0.31
311,3,1,-0.302,0.165
312,2,1,-0.302,-0.308
312,3,1,-0.302,0.5
322,2,1,-0.302,-0.487
325,2,1,-0.302,0.216
327,3,1,-0.302,-0.27
328,1,1,-0.302,0.502
328,3,1,0.698,-0.052
336,1,1,-0.302,0.017
336,2,1,-0.302,-0.304
336,3,1,0.698,0.239
336,4,1,-0.302,-0.266
337,2,1,-0.302,-0.3
338,2,1,-0.302,0.258
338,4,1,-0.302,-0.331
340,2,1,-0.302,-0.017
344,3,1,-0.302,-0.221
345,4,1,-0.302,0.089
346,2,1,-0.302,-0.474
346,3,1,-0.302,-0.39
346,4,1,-0.302,0.249
348,1,1,-0.302,-0.388
355,4,1,-0.302,0.006
356,2,1,-0.302,-0.305
358,2,1,-0.302,-0.161
359,3,1,-0.302,-0.376
359,4,1,0.698,-0.139
363,1,1,0.698,0.003
364,2,1,-0.302,0.441
364,3,1,-0.302,-0.451
370,2,1,-0.302,-0.359
371,4,1,-0.302,-0.238
376,1,1,-0.302,0.103
376,2,1,-0.302,0.028
376,3,1,-0.302,-0.277
378,1,1,-0.302,-0.199
378,3,1,-0.302,0.009
381,2,1,-0.302,0.081
382,4,1,0.698,-0.307
384,1,1,-0.302,-0.46
384,3,1,-0.302,-0.002
385,2,1,0.698,-0.131
385,3,1,-0.302,0.036
385,4,1,-0.302,-0.08
389,1,1,-0.302,-0.31
389,2,1,-0.302,-0.156
389,3,1,0.698,-0.413
389,4,1,-0.302,-0.42
391,1,1,-0.302,-0.375
393,2,1,-0.302,-0.491
394,4,1,-0.302,0.409
396,2,1,-0.302,-0.297
396,3,1,-0.302,0.423
397,1,1,0.698,-0.38
397,2,1,-0.302,-0.243
397,3,1,0.698,0.292
398,1,1,-0.302,-0.386
400,1,1,-0.302,-0.279
400,2,1,-0.302,-0.369
400,4,1,-0.302,-0.25
402,1,1,-0.302,-0.22
402,4,1,-0.302,0.361
407,3,1,-0.302,-0.479
410,1,1,-0.302,-0.195
410,4,1,-0.302,-0.235
414,1,1,-0.302,-0.035
414,2,1,-0.302,-0.073
414,3,1,-0.302,0.044
414,4,1,-0.302,-0.149
422,1,1,-0.302,-0.218
422,4,1,0.698,-0.005
424,1,1,-0.302,-0.357
426,1,1,-0.302,-0.351
428,2,1,-0.302,-0.491
429,4,1,-0.302,0.248
431,4,1,-0.302,-0.361
433,3,1,-0.302,0.135
434,4,1,-0.302,-0.436
442,4,1,-0.302,-0.064
446,3,1,-0.302,-0.453
450,1,1,0.698,0.391
451,3,1,-0.302,-0.347
452,4,1,0.698,0.197
453,4,1,-0.302,0.283
456,1,1,-0.302,-0.328
456,2,1,-0.302,-0.045
458,4,1,-0.302,-0.089
467,2,1,-0.302,0.298
468,2,1,-0.302,-0.375
468,3,1,-0.302,-0.398
478,1,1,-0.302,-0.275
478,2,1,-0.302,-0.416
480,4,1,-0.302,-0.056
484,1,1,-0.302,0.062
491,1,1,-0.302,0.277
491,3,1,-0.302,0.009
491,4,1,-0.302,-0.472
492,1,1,-0.302,-0.485
493,4,1,-0.302,-0.101
495,2,1,0.698,-0.044
495,4,1,-0.302,-0.153
500,1,1,-0.302,0.004
504,4,1,-0.302,-0.475
513,3,1,-0.302,-0.412
513,4,1,-0.302,0.16
522,1,1,-0.302,-0.338
523,2,1,-0.302,-0.136
531,2,1,-0.302,-0.216
532,4,1,-0.302,0.233
540,1,1,-0.302,0.401
544,2,1,-0.302,-0.398
546,2,1,-0.302,0.248
547,2,1,-0.302,-0.273
550,2,1,-0.302,-0.341
551,4,1,-0.302,-0.133
555,1,1,-0.302,-0.262
555,3,1,-0.302,-0.331
556,4,1,-0.302,-0.323
557,2,1,-0.302,-0.236
562,3,1,-0.302,-0.362
564,2,1,-0.302,-0.481
564,4,1,-0.302,-0.191
567,3,1,0.698,-0.466
568,1,1,-0.302,-0.04
568,4,1,-0.302,0.326
572,4,1,-0.302,-0.353
576,3,1,-0.302,-0.375
577,2,1,-0.302,-0.21
577,3,1,-0.302,0.11
577,4,1,-0.302,0.099
580,1,1,-0.302,-0.298
580,3,1,-0.302,0.497
582,2,1,-0.302,-0.492
585,2,1,0.698,-0.254
586,1,1,-0.302,-0.394
587,1,1,0.698,-0.271
587,2,1,-0.302,0.194
592,3,1,-0.302,-0.394
593,1,1,0.698,-0.127
1,3,1,0.698,-0.395
2,2,1,-0.302,0.504
3,1,1,0.698,-0.324
5,1,1,0.698,-0.117
5,3,1,0.698,-0.475
6,3,1,-0.302,-0.212
8,1,1,-0.302,0.24
8,3,1,-0.302,0.024
8,4,1,0.698,0.114
12,1,1,0.698,-0.255
13,4,1,0.698,0.254
14,4,1,0.698,-0.177
15,2,1,-0.302,0.458
15,3,1,0.698,-0.113
15,4,1,-0.302,0.274
17,3,1,-0.302,-0.294
20,3,1,-0.302,-0.383
21,2,1,-0.302,0.173
21,4,1,-0.302,-0.201
22,1,1,-0.302,0.087
24,1,1,-0.302,-0.179
25,1,1,-0.302,0.028
25,4,1,0.698,0.063
26,3,1,-0.302,-0.177
26,4,1,-0.302,-0.161
27,2,1,-0.302,-0.429
27,4,1,-0.302,-0.281
28,2,1,-0.302,0.225
28,3,1,-0.302,0.021
29,2,1,-0.302,-0.371
30,1,1,-0.302,0.065
30,4,1,0.698,-0.247
33,2,1,0.698,0.13
33,4,1,-0.302,-0.275
34,2,1,0.698,0.196
34,3,1,0.698,-0.42
34,4,1,0.698,-0.482
35,1,1,-0.302,-0.266
36,2,1,-0.302,0.198
36,3,1,0.698,-0.424
36,4,1,0.698,-0.152
37,3,1,0.698,0.4
39,1,1,-0.302,-0.487
40,4,1,-0.302,0.248
41,1,1,-0.302,-0.193
42,4,1,-0.302,0.09
43,1,1,-0.302,0.22
45,4,1,-0.302,-0.212
46,3,1,0.698,-0.284
47,2,1,-0.302,0.506
50,1,1,-0.302,-0.476
51,1,1,0.698,-0.413
51,2,1,-0.302,-0.489
51,4,1,0.698,-0.454
52,1,1,0.698,-0.145
53,4,1,-0.302,0.346
54,3,1,-0.302,0.285
55,1,1,0.698,0.044
55,3,1,-0.302,-0.021
55,4,1,0.698,0.398
56,1,1,-0.302,-0.39
56,2,1,-0.302,-0.385
58,4,1,-0.302,-0.206
60,4,1,0.698,-0.361
61,1,1,0.698,-0.431
61,2,1,-0.302,-0.357
61,3,1,0.698,0.065
64,4,1,0.698,0.273
66,3,1,0.698,0.128
67,3,1,-0.302,-0.401
68,2,1,-0.302,-0.191
68,3,1,-0.302,-0.396
68,4,1,-0.302,-0.334
69,1,1,0.698,-0.152
69,2,1,-0.302,-0.12
70,4,1,0.698,0.045
71,3,1,0.698,-0.227
72,1,1,-0.302,0.084
73,1,1,-0.302,0.09
74,4,1,-0.302,-0.259
75,3,1,-0.302,-0.417
79,3,1,0.698,-0.457
80,2,1,-0.302,-0.334
80,3,1,-0.302,-0.417
82,1,1,-0.302,-0.426
82,3,1,0.698,-0.075
82,4,1,0.698,-0.19
83,1,1,0.698,-0.417
84,2,1,0.698,-0.106
85,1,1,-0.302,-0.204
85,2,1,-0.302,-0.092
85,3,1,-0.302,-0.34
87,1,1,0.698,-0.428
88,1,1,0.698,-0.267
89,1,1,-0.302,0.391
90,3,1,-0.302,0.18
90,4,1,-0.302,-0.076
92,3,1,-0.302,-0.287
92,4,1,-0.302,0.085
94,3,1,0.698,-0.07
94,4,1,-0.302,-0.049
96,2,1,-0.302,-0.077
96,3,1,-0.302,-0.436
98,2,1,0.698,-0.367
98,3,1,-0.302,-0.311
99,2,1,-0.302,0.016
100,1,1,-0.302,0.43
101,4,1,-0.302,-0.069
102,2,1,0.698,-0.316
103,1,1,0.698,0.236
104,3,1,0.698,-0.335
106,1,1,-0.302,0.356
106,2,1,0.698,-0.328
108,2,1,0.698,-0.344
108,4,1,0.698,-0.015
109,3,1,-0.302,-0.292
110,2,1,0.698,-0.265
112,2,1,0.698,0.332
112,4,1,0.698,0.364
113,2,1,0.698,-0.161
113,4,1,-0.302,-0.48
115,1,1,-0.302,0.01
116,4,1,0.698,0.254
118,1,1,-0.302,-0.324
119,4,1,-0.302,-0.06
123,2,1,-0.302,0.275
124,4,1,0.698,-0.191
125,1,1,-0.302,0.252
125,2,1,0.698,0.048
126,1,1,0.698,0.502
128,4,1,-0.302,0.338
129,3,1,-0.302,-0.251
130,2,1,-0.302,-0.293
130,4,1,-0.302,0.183
131,1,1,0.698,-0.059
131,3,1,0.698,-0.276
132,2,1,0.698,0.372
132,3,1,-0.302,0.145
134,3,1,-0.302,0.031
137,3,1,-0.302,0.041
138,4,1,-0.302,-0.075
139,1,1,0.698,-0.451
139,3,1,-0.302,0.121
139,4,1,-0.302,0.014
141,2,1,-0.302,-0.1
142,2,1,-0.302,-0.381
145,1,1,-0.302,0.48
145,2,1,0.698,0.186
145,4,1,-0.302,0.338
146,4,1,-0.302,-0.194
147,4,1,-0.302,-0.436
149,1,1,-0.302,0.113
150,3,1,0.698,0.366
153,1,1,-0.302,0.022
153,3,1,-0.302,-0.49
156,1,1,-0.302,-0.418
157,1,1,0.698,-0.134
157,4,1,0.698,-0.119
158,1,1,-0.302,-0.087
158,2,1,-0.302,0.13
159,2,1,-0.302,-0.136
159,3,1,-0.302,-0.031
159,4,1,0.698,-0.217
160,1,1,-0.302,0.375
160,2,1,-0.302,-0.113
161,1,1,-0.302,-0.327
163,1,1,-0.302,0.262
163,3,1,-0.302,-0.4
164,1,1,-0.302,-0.234
164,4,1,-0.302,-0.094
168,1,1,0.698,-0.052
169,1,1,0.698,-0.312
170,1,1,-0.302,-0.407
170,2,1,-0.302,0.138
172,1,1,0.698,-0.193
172,2,1,0.698,-0.385
172,3,1,0.698,-0.036
174,1,1,0.698,0.397
174,3,1,-0.302,-0.108
174,4,1,-0.302,-0.193
176,1,1,-0.302,-0.022
176,3,1,0.698,0.327
177,1,1,-0.302,0.304
177,3,1,0.698,-0.05
177,4,1,-0.302,0.302
178,1,1,-0.302,0.419
178,2,1,0.698,0.149
178,4,1,0.698,-0.472
179,1,1,0.698,0.011
179,2,1,-0.302,-0.418
179,4,1,0.698,-0.415
181,1,1,0.698,0.051
181,2,1,-0.302,-0.38
181,3,1,0.698,0.119
184,4,1,-0.302,0.245
185,3,1,0.698,0.207
185,4,1,-0.302,0.192
188,2,1,0.698,-0.272
188,3,1,-0.302,-0.403
190,1,1,0.698,-0.103
191,1,1,-0.302,0.072
191,2,1,0.698,-0.226
193,1,1,-0.302,-0.209
195,1,1,-0.302,-0.488
195,2,1,0.698,-0.013
195,4,1,-0.302,0.399
197,2,1,-0.302,-0.234
199,2,1,-0.302,-0.193
199,4,1,0.698,0.165
200,2,1,-0.302,-0.422
200,3,1,-0.302,0.077
200,4,1,-0.302,-0.176
203,3,1,-0.302,-0.056
204,4,1,-0.302,-0.179
205,1,1,-0.302,0.26
206,2,1,-0.302,-0.036
206,3,1,0.698,0.24
206,4,1,-0.302,-0.282
208,3,1,-0.302,0.449
209,1,1,0.698,-0.249
211,1,1,-0.302,0.24
213,2,1,-0.302,-0.112
215,3,1,-0.302,-0.444
215,4,1,0.698,-0.048
218,2,1,0.698,-0.074
220,1,1,0.698,-0.073
220,3,1,-0.302,0.345
220,4,1,-0.302,-0.401
221,1,1,-0.302,-0.321
221,2,1,-0.302,0.374
222,3,1,0.698,0.103
225,1,1,-0.302,-0.321
226,1,1,0.698,-0.491
229,1,1,0.698,-0.29
229,4,1,0.698,-0.119
231,1,1,-0.302,0.285
231,4,1,-0.302,-0.391
232,1,1,-0.302,-0.301
233,4,1,-0.302,-0.295
234,1,1,-0.302,-0.207
234,3,1,0.698,0.186
235,1,1,0.698,-0.263
235,2,1,0.698,0.377
235,3,1,0.698,-0.324
239,2,1,0.698,0.179
239,3,1,0.698,-0.141
242,2,1,-0.302,-0.109
243,2,1,-0.302,0.219
244,2,1,-0.302,-0.32
244,3,1,-0.302,-0.3
245,2,1,-0.302,-0.485
246,4,1,-0.302,-0.299
249,1,1,-0.302,-0.232
249,4,1,-0.302,0.26
250,1,1,-0.302,-0.058
250,3,1,-0.302,-0.407
251,1,1,-0.302,-0.175
254,2,1,-0.302,0.237
258,1,1,-0.302,0.459
258,4,1,-0.302,0.355
259,1,1,-0.302,-0.191
259,2,1,0.698,-0.352
259,3,1,-0.302,0.442
260,1,1,-0.302,0.336
260,4,1,0.698,-0.327
261,2,1,0.698,-0.29
261,3,1,0.698,-0.436
262,2,1,0.698,-0.068
262,4,1,0.698,-0.305
263,1,1,0.698,0.136
263,2,1,-0.302,0.24
263,4,1,-0.302,-0.1
265,1,1,-0.302,-0.168
270,1,1,-0.302,-0.167
272,3,1,-0.302,-0.04
272,4,1,-0.302,-0.142
277,2,1,0.698,0.069
277,3,1,-0.302,0.241
277,4,1,0.698,-0.329
279,1,1,0.698,0.15
279,4,1,-0.302,-0.015
280,1,1,0.698,-0.353
280,4,1,-0.302,-0.229
281,1,1,-0.302,-0.146
281,2,1,0.698,-0.313
281,3,1,-0.302,0.265
282,2,1,-0.302,-0.488
283,2,1,-0.302,-0.04
284,2,1,-0.302,-0.027
284,4,1,-0.302,0.372
287,3,1,0.698,0.304
288,2,1,-0.302,-0.222
288,3,1,0.698,0.352
289,3,1,-0.302,-0.455
290,2,1,0.698,-0.11
291,3,1,-0.302,-0.036
291,4,1,0.698,0.11
292,2,1,0.698,0.122
292,3,1,-0.302,0.113
293,1,1,-0.302,-0.323
293,3,1,-0.302,0.414
294,2,1,-0.302,-0.128
294,4,1,0.698,-0.425
295,2,1,-0.302,-0.418
295,3,1,-0.302,-0.194
295,4,1,0.698,0.388
296,1,1,-0.302,0.081
297,4,1,-0.302,-0.416
300,3,1,-0.302,0.157
300,4,1,0.698,0.142
301,4,1,-0.302,-0.494
302,4,1,-0.302,-0.109
303,1,1,0.698,-0.299
303,3,1,0.698,0.366
303,4,1,0.698,0.176
304,4,1,-0.302,-0.379
305,2,1,-0.302,-0.219
305,3,1,0.698,-0.203
306,2,1,-0.302,-0.447
306,3,1,-0.302,0.1
306,4,1,-0.302,0.179
307,1,1,0.698,-0.098
309,3,1,0.698,-0.226
310,4,1,-0.302,-0.066
312,4,1,0.698,0.337
314,1,1,-0.302,-0.104
314,2,1,-0.302,-0.161
314,4,1,-0.302,0.053
317,1,1,0.698,0.358
317,3,1,-0.302,-0.223
318,2,1,-0.302,-0.444
318,3,1,0.698,-0.403
318,4,1,0.698,0.406
319,3,1,0.698,-0.421
320,2,1,-0.302,0.112
320,3,1,-0.302,0.006
321,1,1,-0.302,-0.299
322,1,1,-0.302,0.234
323,4,1,0.698,-0.363
330,1,1,-0.302,0.329
330,2,1,-0.302,-0.319
331,1,1,-0.302,-0.225
333,2,1,0.698,-0.416
334,2,1,-0.302,-0.182
334,3,1,-0.302,-0.32
334,4,1,-0.302,0.228
335,1,1,-0.302,-0.351
335,2,1,-0.302,0.165
337,1,1,0.698,-0.467
337,4,1,0.698,0.206
338,3,1,0.698,-0.227
339,4,1,0.698,0.055
343,2,1,-0.302,-0.219
344,2,1,-0.302,-0.43
344,4,1,0.698,0.334
345,1,1,-0.302,0.405
345,3,1,-0.302,-0.305
349,1,1,0.698,-0.34
349,3,1,-0.302,0.324
350,2,1,-0.302,-0.07
350,4,1,-0.302,-0.262
351,2,1,0.698,0.296
351,3,1,-0.302,0.138
351,4,1,0.698,0.013
353,1,1,0.698,-0.19
353,2,1,-0.302,-0.35
353,4,1,-0.302,-0.045
354,3,1,0.698,0.068
355,1,1,0.698,0.191
356,4,1,-0.302,-0.155
357,2,1,-0.302,0.192
358,3,1,0.698,-0.132
358,4,1,0.698,-0.183
359,1,1,0.698,0.258
359,2,1,-0.302,-0.28
360,4,1,0.698,-0.211
361,2,1,-0.302,0.416
362,1,1,-0.302,-0.415
364,1,1,0.698,0.266
365,4,1,0.698,-0.356
366,1,1,-0.302,0.164
366,2,1,0.698,0.249
366,3,1,-0.302,-0.008
367,1,1,0.698,-0.081
367,2,1,-0.302,0.279
367,4,1,-0.302,-0.482
368,3,1,0.698,-0.067
369,3,1,-0.302,-0.109
370,4,1,0.698,0.215
372,2,1,-0.302,0.437
373,2,1,0.698,-0.248
373,3,1,-0.302,-0.014
373,4,1,0.698,-0.093
374,3,1,-0.302,-0.439
375,1,1,0.698,0.322
375,2,1,0.698,0.081
377,4,1,0.698,-0.487
379,3,1,-0.302,-0.348
380,2,1,-0.302,-0.136
381,3,1,-0.302,-0.09
382,1,1,0.698,-0.084
382,3,1,-0.302,0.262
383,3,1,-0.302,-0.409
384,2,1,-0.302,0.006
384,4,1,-0.302,-0.097
385,1,1,0.698,0.3
386,3,1,0.698,-0.176
386,4,1,-0.302,-0.051
387,1,1,-0.302,-0.441
388,1,1,0.698,0.155
388,3,1,-0.302,-0.456
390,2,1,-0.302,-0.33
391,3,1,-0.302,-0.353
394,2,1,-0.302,0.166
395,2,1,-0.302,0.364
395,4,1,-0.302,-0.324
396,1,1,-0.302,-0.35
397,4,1,-0.302,-0.068
399,1,1,-0.302,-0.433
400,3,1,-0.302,0.247
401,3,1,-0.302,-0.472
405,1,1,-0.302,-0.26
405,2,1,-0.302,0.494
406,2,1,-0.302,-0.387
407,1,1,-0.302,0.016
410,2,1,0.698,0.13
410,3,1,0.698,-0.145
411,1,1,-0.302,-0.118
411,4,1,0.698,-0.22
413,3,1,0.698,-0.429
415,2,1,-0.302,-0.096
417,1,1,-0.302,-0.248
419,3,1,0.698,-0.368
421,4,1,-0.302,0.212
423,1,1,-0.302,-0.45
423,2,1,-0.302,-0.245
423,3,1,0.698,-0.247
424,2,1,-0.302,-0.041
424,4,1,0.698,0.069
425,4,1,-0.302,-0.282
426,4,1,0.698,0.178
427,3,1,-0.302,-0.442
428,1,1,-0.302,-0.273
429,1,1,0.698,-0.051
429,2,1,-0.302,0.075
432,3,1,-0.302,0.445
432,4,1,-0.302,-0.081
433,1,1,0.698,-0.057
433,4,1,-0.302,0.289
434,1,1,-0.302,-0.055
434,3,1,0.698,0.312
435,4,1,-0.302,-0.056
436,3,1,0.698,-0.411
437,1,1,-0.302,0.422
437,3,1,-0.302,0.032
439,1,1,-0.302,-0.49
439,4,1,-0.302,-0.257
443,1,1,-0.302,-0.475
443,2,1,-0.302,-0.227
443,4,1,0.698,0.381
445,4,1,-0.302,-0.25
448,2,1,0.698,-0.152
450,4,1,-0.302,0.009
451,4,1,-0.302,0.344
452,1,1,-0.302,0.262
452,3,1,0.698,-0.45
453,1,1,-0.302,-0.407
454,1,1,0.698,0.251
454,3,1,-0.302,0.21
454,4,1,-0.302,0.386
455,1,1,-0.302,0.207
456,3,1,0.698,0.098
456,4,1,0.698,0.355
458,2,1,-0.302,-0.28
459,4,1,-0.302,-0.153
462,1,1,0.698,0.306
465,2,1,-0.302,-0.405
465,3,1,-0.302,0.422
466,4,1,-0.302,0.492
467,1,1,-0.302,-0.193
467,3,1,0.698,-0.44
468,1,1,-0.302,-0.393
471,3,1,-0.302,0.338
471,4,1,0.698,-0.31
472,2,1,-0.302,0.438
472,3,1,-0.302,-0.025
473,3,1,-0.302,-0.417
477,1,1,-0.302,0.234
478,3,1,-0.302,0.103
478,4,1,0.698,-0.3
479,1,1,0.698,-0.293
480,2,1,0.698,0.027
483,1,1,0.698,-0.469
483,2,1,0.698,-0.338
483,3,1,-0.302,-0.402
484,2,1,-0.302,-0.402
484,3,1,-0.302,0.438
484,4,1,-0.302,0.415
486,1,1,-0.302,0.323
486,3,1,0.698,-0.326
486,4,1,-0.302,-0.311
489,1,1,0.698,0.037
489,4,1,-0.302,-0.428
490,1,1,-0.302,-0.014
490,2,1,-0.302,0.392
490,4,1,0.698,0.106
491,2,1,0.698,0.181
492,3,1,-0.302,-0.221
493,1,1,-0.302,-0.21
494,1,1,0.698,-0.212
494,3,1,-0.302,0.279
495,3,1,0.698,-0.128
497,2,1,-0.302,0.227
497,3,1,-0.302,-0.046
498,2,1,0.698,-0.189
500,2,1,-0.302,0.204
500,3,1,-0.302,-0.114
502,3,1,-0.302,-0.176
503,3,1,0.698,-0.209
503,4,1,-0.302,-0.079
504,1,1,-0.302,0.232
506,1,1,-0.302,0.149
506,4,1,0.698,0.305
507,3,1,-0.302,-0.028
508,4,1,0.698,0.445
510,2,1,-0.302,-0.192
510,3,1,0.698,-0.045
510,4,1,-0.302,0.369
512,2,1,-0.302,-0.161
512,4,1,-0.302,-0.444
513,2,1,0.698,-0.436
514,2,1,-0.302,0.065
514,3,1,0.698,0.047
515,3,1,0.698,0.13
515,4,1,0.698,-0.465
517,2,1,0.698,-0.061
522,2,1,-0.302,0.137
522,4,1,-0.302,-0.426
523,3,1,-0.302,-0.035
526,1,1,-0.302,0.049
526,2,1,-0.302,-0.007
526,3,1,-0.302,0.313
527,4,1,0.698,-0.176
531,3,1,0.698,-0.409
531,4,1,0.698,0.054
532,1,1,-0.302,0.125
532,2,1,-0.302,-0.238
534,2,1,-0.302,0.105
535,3,1,-0.302,-0.155
537,1,1,-0.302,-0.094
540,3,1,-0.302,0.291
540,4,1,-0.302,0.033
542,2,1,-0.302,0.099
543,3,1,-0.302,-0.167
543,4,1,-0.302,-0.401
544,1,1,-0.302,0.119
544,3,1,-0.302,-0.362
545,1,1,-0.302,-0.484
547,1,1,-0.302,0.066
547,4,1,-0.302,-0.229
548,3,1,-0.302,-0.351
550,1,1,-0.302,0.386
550,3,1,-0.302,-0.053
550,4,1,0.698,-0.046
551,1,1,-0.302,-0.191
551,2,1,-0.302,0.062
551,3,1,-0.302,0.336
552,3,1,0.698,-0.167
554,2,1,0.698,-0.281
554,3,1,0.698,-0.218
554,4,1,0.698,-0.07
555,4,1,0.698,0.289
559,1,1,0.698,-0.164
559,2,1,-0.302,0.091
559,4,1,-0.302,-0.418
560,1,1,-0.302,-0.18
561,2,1,-0.302,-0.387
561,3,1,-0.302,0.343
561,4,1,-0.302,0.282
562,1,1,-0.302,-0.312
566,4,1,-0.302,-0.434
567,4,1,-0.302,-0.007
568,2,1,0.698,0.263
572,3,1,0.698,-0.12
575,2,1,-0.302,0.41
575,3,1,0.698,-0.193
576,2,1,-0.302,-0.276
578,1,1,0.698,0.234
578,2,1,-0.302,-0.395
579,1,1,-0.302,-0.349
579,3,1,0.698,-0.085
581,1,1,0.698,0.481
583,2,1,0.698,-0.142
584,1,1,-0.302,-0.25
584,2,1,-0.302,-0.201
584,4,1,0.698,-0.403
585,4,1,0.698,-0.228
586,2,1,-0.302,-0.206
586,3,1,-0.302,-0.101
586,4,1,-0.302,-0.393
587,3,1,-0.302,0.093
591,2,1,0.698,0.22
591,3,1,-0.302,-0.102
592,4,1,-0.302,-0.457
593,2,1,-0.302,-0.01
593,3,1,-0.302,0.113
594,2,1,-0.302,0.466
595,1,1,-0.302,0.226
597,2,1,-0.302,-0.061
598,2,1,-0.302,0.315
600,4,1,0.698,0.318
1,2,0,-0.302,0.49
2,1,0,-0.302,-0.197
2,3,0,0.698,0.237
3,2,0,-0.302,-0.439
3,4,0,-0.302,-0.285
4,1,0,-0.302,-0.142
4,2,0,-0.302,0.145
4,3,0,0.698,0.037
5,4,0,0.698,0.262
6,1,0,-0.302,0.261
6,2,0,-0.302,0.359
6,4,0,-0.302,-0.258
7,1,0,-0.302,-0.039
7,2,0,-0.302,-0.432
11,1,0,-0.302,-0.397
11,2,0,-0.302,-0.051
11,3,0,-0.302,-0.068
11,4,0,-0.302,0.084
12,2,0,-0.302,0.092
12,3,0,-0.302,0.297
14,3,0,0.698,0.497
17,1,0,-0.302,-0.33
17,4,0,-0.302,0.378
18,1,0,-0.302,-0.283
18,3,0,0.698,0.481
18,4,0,-0.302,-0.214
19,1,0,-0.302,0.321
19,3,0,-0.302,0.363
19,4,0,-0.302,0.142
20,2,0,-0.302,0.082
22,2,0,-0.302,0.177
22,3,0,0.698,-0.312
23,2,0,-0.302,0.4
23,4,0,-0.302,0.033
25,2,0,-0.302,-0.166
25,3,0,-0.302,0.449
26,1,0,-0.302,-0.315
27,3,0,-0.302,0.204
28,1,0,-0.302,-0.206
29,1,0,0.698,0.081
29,3,0,-0.302,0.245
30,2,0,-0.302,-0.395
30,3,0,-0.302,0.493
31,3,0,-0.302,-0.018
31,4,0,-0.302,0.446
32,2,0,-0.302,-0.078
32,4,0,-0.302,-0.126
33,1,0,-0.302,0.135
33,3,0,-0.302,-0.148
34,1,0,0.698,-0.482
35,2,0,-0.302,0.469
35,3,0,-0.302,-0.354
36,1,0,0.698,0.3
37,2,0,0.698,0.475
37,4,0,-0.302,0.236
38,1,0,-0.302,0.236
38,3,0,0.698,-0.25
39,3,0,-0.302,0.383
40,3,0,-0.302,-0.019
41,2,0,-0.302,-0.078
41,4,0,-0.302,0.493
42,1,0,-0.302,-0.365
43,2,0,-0.302,0.28
43,4,0,-0.302,-0.388
44,1,0,-0.302,-0.284
44,2,0,-0.302,0.035
44,4,0,-0.302,-0.492
45,1,0,-0.302,0.169
45,3,0,-0.302,-0.368
46,1,0,0.698,-0.291
46,2,0,-0.302,0.476
46,4,0,-0.302,-0.017
47,1,0,-0.302,0.248
47,3,0,-0.302,-0.007
49,1,0,-0.302,-0.336
50,4,0,-0.302,0.358
51,3,0,-0.302,-0.193
52,2,0,-0.302,-0.271
53,2,0,-0.302,0.36
53,3,0,-0.302,0.321
54,1,0,0.698,0.232
54,2,0,0.698,-0.34
54,4,0,-0.302,-0.418
55,2,0,-0.302,0.166
56,3,0,-0.302,0.438
57,1,0,-0.302,-0.241
58,1,0,0.698,0.361
59,1,0,0.698,0.443
60,1,0,0.698,0.14
60,3,0,0.698,0.091
61,4,0,-0.302,0.348
63,1,0,-0.302,-0.419
63,3,0,-0.302,-0.396
63,4,0,-0.302,-0.066
64,1,0,-0.302,-0.11
65,2,0,-0.302,-0.085
65,3,0,-0.302,-0.118
67,1,0,-0.302,-0.394
67,2,0,-0.302,-0.003
70,3,0,-0.302,0.107
72,2,0,-0.302,0.064
72,3,0,0.698,0.389
73,2,0,0.698,0.072
73,3,0,-0.302,0.004
73,4,0,-0.302,0.092
74,1,0,-0.302,-0.203
74,3,0,-0.302,0.165
75,1,0,-0.302,-0.158
76,3,0,-0.302,0.366
76,4,0,0.698,-0.192
77,3,0,-0.302,-0.315
77,4,0,0.698,-0.405
78,1,0,-0.302,0.135
78,3,0,-0.302,0.218
78,4,0,-0.302,0.225
79,1,0,-0.302,0.318
79,2,0,-0.302,-0.247
80,1,0,-0.302,-0.391
80,4,0,-0.302,-0.479
81,1,0,-0.302,-0.256
81,3,0,-0.302,0.018
82,2,0,-0.302,-0.136
83,3,0,-0.302,0.495
84,1,0,0.698,-0.354
84,4,0,-0.302,-0.312
85,4,0,-0.302,0.144
86,1,0,-0.302,0.343
86,2,0,-0.302,0.391
86,3,0,-0.302,0.342
86,4,0,-0.302,0.282
87,2,0,-0.302,0.293
88,2,0,-0.302,0.397
88,3,0,-0.302,0.418
88,4,0,-0.302,0.252
89,4,0,-0.302,-0.436
90,1,0,0.698,0.164
90,2,0,-0.302,-0.002
91,1,0,-0.302,0.419
92,2,0,-0.302,0.482
93,2,0,-0.302,-0.175
93,3,0,-0.302,0.17
93,4,0,-0.302,0.393
95,1,0,0.698,0.204
96,4,0,-0.302,-0.056
97,1,0,-0.302,0.419
97,2,0,-0.302,-0.01
97,3,0,-0.302,0.36
97,4,0,-0.302,0.307
98,1,0,-0.302,0.43
99,1,0,-0.302,0.115
99,3,0,-0.302,0.296
100,2,0,-0.302,0.088
100,3,0,-0.302,-0.436
100,4,0,-0.302,-0.385
101,1,0,0.698,0.362
101,3,0,-0.302,0.014
102,1,0,0.698,-0.165
102,3,0,-0.302,0.481
102,4,0,-0.302,0.328
103,2,0,-0.302,0.378
103,3,0,-0.302,0.067
103,4,0,-0.302,0.318
104,1,0,-0.302,0.218
104,2,0,-0.302,-0.092
104,4,0,-0.302,0.335
105,1,0,-0.302,0.044
105,3,0,0.698,0.041
107,1,0,-0.302,-0.301
107,3,0,0.698,-0.092
108,1,0,-0.302,0.109
109,2,0,-0.302,0.425
109,4,0,-0.302,0.251
110,1,0,-0.302,-0.125
110,4,0,0.698,0.055
111,2,0,-0.302,-0.406
111,3,0,-0.302,0.253
113,1,0,-0.302,-0.282
113,3,0,-0.302,0.489
114,4,0,-0.302,0.362
115,3,0,-0.302,-0.268
116,1,0,-0.302,0.017
116,2,0,-0.302,0.366
116,3,0,0.698,0.461
117,2,0,-0.302,0.457
118,3,0,0.698,0.419
118,4,0,-0.302,0.503
119,1,0,-0.302,0.465
119,3,0,-0.302,-0.1
120,1,0,-0.302,-0.421
120,3,0,-0.302,0.322
120,4,0,-0.302,0.28
121,4,0,-0.302,-0.191
122,3,0,-0.302,-0.386
122,4,0,-0.302,-0.489
123,1,0,-0.302,-0.29
123,3,0,-0.302,0.219
124,1,0,-0.302,0.41
124,3,0,-0.302,-0.264
125,3,0,0.698,0.329
125,4,0,-0.302,-0.126
126,2,0,0.698,0.003
127,1,0,-0.302,0.46
127,3,0,-0.302,0.362
127,4,0,0.698,-0.31
128,1,0,-0.302,-0.196
128,2,0,-0.302,0.093
128,3,0,-0.302,0.416
129,1,0,-0.302,-0.061
129,2,0,-0.302,-0.221
129,4,0,0.698,0.111
130,1,0,-0.302,0.108
130,3,0,-0.302,0.236
133,1,0,-0.302,-0.344
133,2,0,-0.302,0.426
134,1,0,-0.302,-0.213
134,2,0,-0.302,0.083
135,1,0,0.698,0.486
135,2,0,-0.302,-0.123
135,3,0,-0.302,0.047
135,4,0,0.698,0.08
136,1,0,-0.302,-0.026
137,2,0,-0.302,-0.183
138,3,0,-0.302,-0.207
140,2,0,-0.302,0.491
140,4,0,-0.302,0.396
141,4,0,-0.302,0.292
142,1,0,-0.302,0.03
142,3,0,-0.302,-0.16
143,2,0,0.698,0.28
143,3,0,-0.302,-0.422
143,4,0,-0.302,-0.276
144,1,0,-0.302,0.42
144,2,0,-0.302,0.356
144,3,0,-0.302,0.297
144,4,0,0.698,-0.126
145,3,0,-0.302,0.436
146,2,0,-0.302,-0.074
147,1,0,-0.302,-0.48
148,4,0,-0.302,-0.011
150,2,0,-0.302,0.275
150,4,0,-0.302,-0.358
151,1,0,-0.302,-0.181
151,3,0,-0.302,-0.265
151,4,0,-0.302,-0.136
152,1,0,-0.302,0.138
152,3,0,-0.302,-0.47
152,4,0,-0.302,0.439
153,4,0,-0.302,-0.136
154,1,0,0.698,-0.376
154,2,0,-0.302,0.235
154,3,0,-0.302,-0.353
155,2,0,-0.302,0.049
155,3,0,-0.302,0.235
155,4,0,0.698,0.313
156,3,0,0.698,0.277
156,4,0,-0.302,-0.186
157,2,0,-0.302,-0.325
158,3,0,-0.302,0.469
158,4,0,0.698,-0.168
159,1,0,-0.302,0.144
160,3,0,-0.302,-0.179
160,4,0,-0.302,0.411
161,2,0,-0.302,-0.277
161,3,0,-0.302,0.052
162,1,0,-0.302,0.482
162,2,0,-0.302,0.171
162,4,0,-0.302,-0.234
163,2,0,-0.302,0.189
163,4,0,-0.302,-0.274
165,2,0,-0.302,-0.211
165,3,0,-0.302,-0.098
166,1,0,-0.302,0.352
166,3,0,-0.302,0.451
166,4,0,-0.302,-0.132
167,1,0,-0.302,-0.204
167,2,0,0.698,0.272
167,3,0,-0.302,0.365
169,4,0,-0.302,-0.301
170,3,0,0.698,0.326
170,4,0,-0.302,0.492
171,4,0,-0.302,-0.378
172,4,0,0.698,-0.076
173,1,0,0.698,-0.086
175,1,0,-0.302,-0.197
175,4,0,-0.302,-0.303
176,2,0,-0.302,0.323
176,4,0,-0.302,-0.104
177,2,0,-0.302,0.163
179,3,0,-0.302,0.001
180,1,0,0.698,0.247
182,1,0,-0.302,-0.022
182,2,0,-0.302,0.084
182,3,0,-0.302,-0.461
182,4,0,-0.302,0.366
183,1,0,-0.302,-0.248
183,3,0,-0.302,0.429
185,1,0,0.698,0.268
186,2,0,-0.302,0.303
186,3,0,0.698,0.322
187,1,0,-0.302,0.236
187,3,0,-0.302,-0.107
187,4,0,-0.302,-0.426
188,1,0,-0.302,-0.06
189,2,0,0.698,-0.39
189,3,0,-0.302,0.366
189,4,0,-0.302,0.259
190,2,0,-0.302,0.473
190,4,0,-0.302,-0.271
192,1,0,-0.302,-0.059
193,2,0,-0.302,-0.36
194,3,0,-0.302,-0.003
194,4,0,-0.302,0.072
195,3,0,-0.302,0.283
196,2,0,-0.302,0.142
196,3,0,0.698,-0.199
196,4,0,-0.302,0.124
197,3,0,-0.302,0.142
197,4,0,-0.302,0.141
198,1,0,-0.302,0.158
198,2,0,-0.302,0.154
198,3,0,-0.302,0.304
198,4,0,0.698,-0.238
201,3,0,-0.302,0.16
202,1,0,-0.302,0.006
202,3,0,-0.302,0.082
202,4,0,-0.302,-0.384
203,2,0,-0.302,0.143
204,1,0,0.698,-0.117
204,2,0,-0.302,0.452
205,2,0,-0.302,0.394
205,3,0,-0.302,0.467
205,4,0,-0.302,-0.011
206,1,0,-0.302,0.128
207,2,0,-0.302,0.012
207,3,0,-0.302,-0.29
209,4,0,0.698,0.141
210,3,0,-0.302,0.474
210,4,0,0.698,0.465
211,2,0,-0.302,-0.246
211,3,0,0.698,0.125
211,4,0,-0.302,0.291
213,3,0,-0.302,0.457
213,4,0,-0.302,0.395
214,1,0,0.698,0.129
214,2,0,0.698,0.231
214,3,0,-0.302,-0.123
214,4,0,-0.302,0.285
216,1,0,0.698,0.269
216,4,0,-0.302,0.106
217,2,0,-0.302,0.148
217,3,0,-0.302,-0.085
219,1,0,-0.302,0.131
219,2,0,-0.302,0.331
221,3,0,-0.302,0.06
222,4,0,-0.302,0.136
223,2,0,-0.302,0.492
223,4,0,-0.302,-0.247
224,1,0,-0.302,0.084
224,3,0,0.698,-0.343
225,2,0,-0.302,-0.225
225,3,0,0.698,0.475
225,4,0,0.698,0.333
226,2,0,-0.302,0.033
226,3,0,-0.302,0.02
226,4,0,-0.302,0.285
227,1,0,-0.302,0.204
227,2,0,-0.302,0.412
227,4,0,-0.302,-0.301
228,4,0,-0.302,-0.226
229,2,0,-0.302,0.013
230,1,0,-0.302,0.305
230,2,0,-0.302,-0.238
230,3,0,-0.302,0.295
230,4,0,0.698,-0.195
231,2,0,-0.302,-0.204
232,3,0,-0.302,-0.174
233,1,0,-0.302,0.459
233,2,0,0.698,-0.125
234,4,0,-0.302,0.304
236,1,0,-0.302,-0.148
236,2,0,0.698,-0.195
236,3,0,-0.302,-0.15
236,4,0,-0.302,0.399
238,1,0,-0.302,0.475
238,2,0,-0.302,0.192
238,3,0,-0.302,0.432
238,4,0,-0.302,-0.206
239,1,0,-0.302,-0.104
240,1,0,-0.302,0.363
240,2,0,0.698,-0.193
240,3,0,-0.302,0.33
240,4,0,-0.302,0.378
241,1,0,0.698,0.197
241,2,0,-0.302,0.494
241,3,0,-0.302,-0.374
242,1,0,-0.302,0.047
242,3,0,-0.302,0.068
242,4,0,-0.302,-0.021
243,1,0,-0.302,0.111
244,1,0,-0.302,-0.243
244,4,0,0.698,-0.129
245,1,0,-0.302,-0.272
245,4,0,-0.302,-0.368
246,1,0,-0.302,0.454
246,2,0,0.698,0.435
246,3,0,-0.302,0.117
247,1,0,-0.302,-0.003
247,2,0,0.698,-0.071
247,3,0,-0.302,0.304
248,1,0,-0.302,0.251
248,3,0,0.698,-0.274
248,4,0,-0.302,-0.413
249,2,0,0.698,-0.055
249,3,0,-0.302,-0.238
250,4,0,-0.302,-0.446
251,3,0,-0.302,-0.187
252,2,0,-0.302,-0.141
252,4,0,-0.302,-0.142
253,2,0,-0.302,0.126
254,1,0,-0.302,-0.353
254,3,0,-0.302,-0.423
255,2,0,-0.302,-0.23
255,3,0,-0.302,0.36
255,4,0,-0.302,-0.391
256,1,0,-0.302,0.164
256,2,0,-0.302,-0.387
256,3,0,-0.302,0.165
257,2,0,-0.302,0.221
257,3,0,-0.302,0.097
258,2,0,-0.302,-0.274
262,1,0,0.698,-0.324
265,2,0,-0.302,0.013
265,3,0,-0.302,0.469
265,4,0,-0.302,-0.165
266,1,0,-0.302,0.025
266,2,0,-0.302,-0.4
266,3,0,0.698,-0.136
266,4,0,-0.302,0.441
268,2,0,-0.302,0.366
268,4,0,0.698,0.421
269,1,0,-0.302,-0.025
269,4,0,-0.302,0.472
270,2,0,-0.302,-0.46
270,4,0,-0.302,0.201
271,3,0,0.698,-0.431
272,1,0,-0.302,-0.262
272,2,0,-0.302,0.225
273,2,0,-0.302,-0.118
274,1,0,-0.302,0.366
275,2,0,-0.302,0.214
275,4,0,-0.302,-0.183
276,2,0,-0.302,-0.187
276,4,0,-0.302,-0.102
278,2,0,-0.302,-0.441
278,3,0,-0.302,0.363
278,4,0,-0.302,-0.413
280,3,0,0.698,0.495
283,1,0,0.698,-0.211
285,1,0,-0.302,0.413
285,2,0,-0.302,-0.267
285,3,0,-0.302,0.115
285,4,0,-0.302,-0.11
286,1,0,-0.302,-0.028
286,2,0,-0.302,0.129
286,3,0,-0.302,-0.025
286,4,0,0.698,-0.078
287,2,0,-0.302,0.269
288,1,0,-0.302,0.115
288,4,0,-0.302,0.424
289,4,0,-0.302,-0.486
290,4,0,-0.302,-0.39
292,1,0,-0.302,-0.081
292,4,0,-0.302,0.449
293,4,0,-0.302,0.168
294,3,0,-0.302,0.355
295,1,0,-0.302,0.15
296,4,0,-0.302,0.405
297,1,0,-0.302,0.249
298,2,0,-0.302,0.053
298,4,0,-0.302,-0.491
300,1,0,-0.302,0.038
300,2,0,-0.302,0.292
301,1,0,-0.302,-0.062
301,2,0,0.698,-0.069
302,2,0,-0.302,-0.39
302,3,0,-0.302,0.47
304,2,0,-0.302,0.306
304,3,0,-0.302,-0.475
306,1,0,0.698,0.259
307,2,0,-0.302,0.216
307,3,0,-0.302,0.288
307,4,0,-0.302,-0.278
308,1,0,-0.302,0.294
308,2,0,-0.302,0.309
308,3,0,-0.302,-0.375
308,4,0,-0.302,-0.298
309,1,0,-0.302,-0.041
309,2,0,0.698,0.245
309,4,0,0.698,-0.276
310,3,0,-0.302,-0.177
311,4,0,-0.302,-0.091
313,1,0,-0.302,-0.227
313,2,0,-0.302,-0.15
314,3,0,-0.302,0.478
315,1,0,-0.302,-0.13
315,2,0,-0.302,-0.064
315,3,0,-0.302,-0.373
316,1,0,-0.302,-0.39
316,3,0,-0.302,0.179
318,1,0,-0.302,-0.379
319,1,0,-0.302,-0.259
319,2,0,0.698,-0.028
319,4,0,-0.302,-0.193
320,1,0,-0.302,0.031
320,4,0,-0.302,-0.014
321,2,0,0.698,0.149
321,3,0,-0.302,0.079
321,4,0,-0.302,-0.207
322,3,0,0.698,0.376
322,4,0,-0.302,0.065
323,1,0,0.698,-0.237
323,3,0,0.698,-0.25
324,2,0,-0.302,0.136
325,3,0,-0.302,-0.115
325,4,0,-0.302,-0.115
326,1,0,-0.302,0.122
326,3,0,-0.302,0.058
326,4,0,0.698,-0.139
327,1,0,-0.302,-0.115
327,2,0,-0.302,0.099
328,2,0,-0.302,0.114
328,4,0,0.698,-0.071
329,2,0,-0.302,-0.102
329,3,0,-0.302,0.108
330,3,0,0.698,0.39
330,4,0,0.698,-0.068
331,2,0,-0.302,0.342
331,3,0,0.698,0.201
331,4,0,-0.302,0.106
332,3,0,0.698,0.37
332,4,0,-0.302,-0.333
333,1,0,-0.302,0.331
333,3,0,0.698,0.052
334,1,0,-0.302,0.391
335,3,0,0.698,0.134
335,4,0,0.698,-0.241
338,1,0,-0.302,0.129
339,1,0,0.698,-0.253
339,2,0,-0.302,-0.3
340,1,0,-0.302,-0.127
340,3,0,-0.302,0.168
340,4,0,-0.302,0.039
341,1,0,-0.302,0.246
341,2,0,-0.302,-0.022
341,3,0,-0.302,0.323
341,4,0,-0.302,0.318
342,1,0,-0.302,-0.172
342,2,0,-0.302,-0.418
342,4,0,-0.302,0.472
343,1,0,-0.302,0.502
343,4,0,-0.302,-0.14
345,2,0,-0.302,-0.353
347,1,0,-0.302,0.365
347,3,0,-0.302,0.082
347,4,0,-0.302,0.356
348,2,0,-0.302,-0.31
348,3,0,-0.302,0.09
348,4,0,-0.302,0.015
349,2,0,-0.302,0.49
350,1,0,-0.302,0.327
350,3,0,-0.302,0.409
351,1,0,-0.302,0.175
352,1,0,-0.302,0.066
352,2,0,-0.302,0.189
352,4,0,0.698,0.193
353,3,0,-0.302,0.249
354,1,0,-0.302,-0.46
355,3,0,-0.302,0.137
356,3,0,-0.302,0.442
357,1,0,-0.302,-0.255
357,3,0,-0.302,-0.418
358,1,0,-0.302,-0.258
360,2,0,0.698,-0.02
361,4,0,-0.302,-0.349
362,4,0,-0.302,0.28
363,3,0,-0.302,-0.052
363,4,0,-0.302,-0.33
364,4,0,-0.302,0.49
365,1,0,-0.302,0.146
367,3,0,-0.302,-0.125
368,2,0,-0.302,-0.15
368,4,0,-0.302,-0.455
369,2,0,0.698,0.394
369,4,0,-0.302,0.116
370,1,0,-0.302,0.484
370,3,0,-0.302,-0.071
371,2,0,-0.302,0.168
371,3,0,-0.302,-0.482
372,1,0,-0.302,0.26
372,4,0,-0.302,-0.213
373,1,0,-0.302,0.201
374,4,0,-0.302,-0.295
375,3,0,-0.302,0.089
375,4,0,-0.302,-0.475
376,4,0,-0.302,-0.322
377,1,0,-0.302,0.209
377,2,0,-0.302,-0.255
378,4,0,-0.302,0.065
379,1,0,-0.302,-0.367
379,2,0,0.698,0.498
379,4,0,-0.302,0.359
380,1,0,-0.302,0.086
380,3,0,-0.302,0.469
381,4,0,-0.302,0.441
382,2,0,-0.302,0.089
383,1,0,0.698,-0.409
383,4,0,-0.302,-0.366
386,1,0,0.698,0.415
386,2,0,-0.302,0.15
387,2,0,-0.302,0.331
391,2,0,-0.302,-0.364
391,4,0,-0.302,-0.242
392,1,0,-0.302,0.147
392,2,0,-0.302,-0.308
392,3,0,-0.302,-0.228
392,4,0,-0.302,-0.249
393,4,0,0.698,0.299
394,1,0,0.698,0.149
395,3,0,-0.302,0.081
398,2,0,0.698,-0.054
398,3,0,-0.302,0.197
398,4,0,-0.302,0.341
399,2,0,-0.302,0.392
399,3,0,0.698,-0.353
401,1,0,0.698,0.206
401,4,0,-0.302,0.081
402,2,0,-0.302,-0.476
402,3,0,-0.302,0.359
403,3,0,-0.302,-0.111
404,1,0,-0.302,-0.195
404,2,0,-0.302,-0.324
404,3,0,-0.302,0.457
406,1,0,-0.302,0.353
406,3,0,-0.302,0.351
406,4,0,-0.302,0.121
407,2,0,0.698,0.201
407,4,0,-0.302,0.401
408,1,0,-0.302,-0.165
408,3,0,-0.302,-0.21
409,3,0,-0.302,0.393
409,4,0,-0.302,0.455
411,2,0,-0.302,0.092
411,3,0,-0.302,0.049
412,1,0,-0.302,0.468
412,2,0,-0.302,0.256
412,3,0,-0.302,0.459
413,1,0,-0.302,-0.228
413,2,0,-0.302,-0.23
415,3,0,-0.302,-0.349
415,4,0,-0.302,0.327
416,1,0,-0.302,0.056
416,2,0,0.698,0.089
416,3,0,-0.302,0.232
416,4,0,-0.302,-0.127
417,4,0,0.698,0.162
418,1,0,-0.302,-0.008
418,3,0,-0.302,-0.038
418,4,0,-0.302,0.33
419,1,0,-0.302,-0.109
419,2,0,-0.302,0.255
419,4,0,-0.302,-0.218
420,1,0,-0.302,0.029
420,3,0,-0.302,-0.476
420,4,0,-0.302,0.012
421,1,0,-0.302,0.442
421,2,0,-0.302,0.293
424,3,0,0.698,0.088
425,1,0,-0.302,0.051
425,2,0,-0.302,0.059
425,3,0,-0.302,-0.147
426,2,0,-0.302,-0.305
426,3,0,-0.302,0.057
427,1,0,-0.302,-0.327
427,2,0,-0.302,-0.041
427,4,0,0.698,-0.151
428,4,0,-0.302,0.296
429,3,0,0.698,0.088
431,3,0,-0.302,0.202
432,1,0,-0.302,-0.009
432,2,0,-0.302,-0.239
433,2,0,-0.302,0.098
434,2,0,-0.302,0.487
435,1,0,-0.302,-0.039
436,2,0,-0.302,-0.396
437,2,0,-0.302,0.22
438,1,0,0.698,-0.067
438,2,0,-0.302,-0.2
439,2,0,-0.302,0.277
439,3,0,0.698,0.336
440,1,0,0.698,0.395
441,1,0,-0.302,-0.409
441,2,0,-0.302,0.406
441,3,0,-0.302,0.364
441,4,0,-0.302,-0.317
442,2,0,-0.302,0.424
442,3,0,-0.302,0.231
444,3,0,-0.302,0.246
444,4,0,-0.302,0.42
445,1,0,-0.302,0.241
445,2,0,-0.302,-0.133
446,2,0,-0.302,0.444
446,4,0,0.698,0.331
447,1,0,-0.302,-0.277
447,2,0,-0.302,0.192
447,3,0,-0.302,0.339
447,4,0,-0.302,-0.073
448,1,0,-0.302,0.203
450,2,0,-0.302,-0.167
450,3,0,0.698,0.015
451,1,0,-0.302,-0.407
452,2,0,-0.302,0.455
453,2,0,0.698,-0.012
454,2,0,-0.302,-0.375
455,2,0,0.698,-0.013
455,3,0,-0.302,-0.132
455,4,0,-0.302,-0.306
457,1,0,-0.302,-0.105
459,2,0,-0.302,0.294
460,3,0,-0.302,0.333
460,4,0,-0.302,-0.381
461,4,0,-0.302,0.048
462,2,0,0.698,0.161
462,3,0,-0.302,-0.099
462,4,0,-0.302,0.275
463,3,0,0.698,0.124
463,4,0,-0.302,0.276
464,1,0,-0.302,-0.481
464,3,0,0.698,-0.241
464,4,0,-0.302,-0.409
465,1,0,-0.302,0.272
465,4,0,0.698,0.135
466,1,0,-0.302,0.047
466,2,0,0.698,-0.484
466,3,0,-0.302,0.477
467,4,0,-0.302,0.171
468,4,0,-0.302,-0.148
469,2,0,-0.302,-0.342
469,3,0,-0.302,0.087
470,3,0,-0.302,-0.045
471,1,0,0.698,0.134
472,1,0,-0.302,-0.342
473,1,0,-0.302,0.445
473,2,0,0.698,0.071
473,4,0,0.698,0.259
474,1,0,-0.302,-0.293
474,2,0,-0.302,0.405
474,3,0,-0.302,0.235
474,4,0,0.698,0.017
475,1,0,0.698,-0.322
475,3,0,-0.302,-0.167
475,4,0,-0.302,-0.443
477,2,0,-0.302,0.478
477,4,0,-0.302,-0.324
479,3,0,-0.302,-0.146
479,4,0,0.698,-0.453
480,3,0,-0.302,0.147
481,1,0,-0.302,0.395
481,2,0,-0.302,-0.015
481,4,0,-0.302,0.16
482,1,0,0.698,-0.394
482,2,0,-0.302,0.433
482,3,0,-0.302,0.078
482,4,0,-0.302,0.137
483,4,0,0.698,-0.188
485,1,0,-0.302,0.173
485,4,0,-0.302,0.33
486,2,0,0.698,-0.02
487,1,0,-0.302,-0.462
487,4,0,-0.302,-0.064
488,2,0,-0.302,-0.465
489,3,0,-0.302,0.158
490,3,0,-0.302,0.207
492,2,0,-0.302,-0.052
492,4,0,-0.302,0.47
493,2,0,0.698,0.394
493,3,0,0.698,0.163
494,2,0,-0.302,0.006
496,1,0,-0.302,0.101
497,1,0,-0.302,0.209
497,4,0,-0.302,-0.157
498,3,0,-0.302,-0.104
498,4,0,-0.302,-0.342
499,1,0,-0.302,0.061
499,2,0,-0.302,0.287
499,3,0,-0.302,-0.322
500,4,0,-0.302,-0.122
501,1,0,-0.302,-0.073
501,2,0,-0.302,-0.021
501,3,0,-0.302,-0.212
502,2,0,0.698,0.07
503,1,0,-0.302,0.191
503,2,0,-0.302,-0.012
504,2,0,-0.302,0.17
504,3,0,-0.302,-0.192
505,1,0,-0.302,0.238
505,2,0,-0.302,-0.443
505,3,0,-0.302,-0.245
505,4,0,-0.302,-0.255
506,2,0,0.698,0.385
506,3,0,-0.302,-0.246
507,4,0,-0.302,0.049
508,1,0,0.698,-0.119
508,2,0,-0.302,-0.043
508,3,0,0.698,0.455
509,1,0,0.698,0.085
511,1,0,-0.302,0.225
511,2,0,-0.302,-0.45
511,4,0,-0.302,0.346
513,1,0,-0.302,0.441
514,1,0,-0.302,0.22
515,1,0,-0.302,0.309
515,2,0,-0.302,0.479
517,1,0,-0.302,0.458
517,3,0,-0.302,0.491
517,4,0,-0.302,-0.355
519,1,0,-0.302,0.148
520,2,0,0.698,-0.051
520,3,0,-0.302,-0.223
520,4,0,0.698,0.255
521,2,0,-0.302,-0.307
522,3,0,-0.302,-0.08
523,1,0,-0.302,-0.175
523,4,0,0.698,0.182
524,1,0,-0.302,-0.441
524,3,0,0.698,-0.489
525,1,0,-0.302,-0.294
525,2,0,-0.302,-0.053
526,4,0,-0.302,0.356
527,1,0,-0.302,-0.487
527,3,0,-0.302,0.295
528,3,0,-0.302,-0.341
529,1,0,-0.302,-0.371
529,2,0,-0.302,0.287
529,3,0,-0.302,0.26
529,4,0,-0.302,0.036
530,1,0,-0.302,-0.152
531,1,0,-0.302,0.119
532,3,0,-0.302,-0.12
533,1,0,-0.302,-0.139
533,2,0,0.698,0.143
534,1,0,-0.302,0.15
534,3,0,-0.302,-0.041
535,1,0,-0.302,-0.287
535,4,0,-0.302,0.368
536,2,0,-0.302,0.34
537,3,0,-0.302,-0.456
538,1,0,-0.302,-0.279
538,3,0,-0.302,0.152
539,1,0,-0.302,-0.225
539,3,0,-0.302,0.38
539,4,0,-0.302,0.185
540,2,0,-0.302,0.236
541,2,0,0.698,0.397
541,3,0,-0.302,-0.045
541,4,0,-0.302,0.079
542,1,0,0.698,0.171
543,1,0,0.698,0.34
543,2,0,0.698,0.363
544,4,0,-0.302,-0.331
545,2,0,-0.302,-0.225
546,4,0,-0.302,0.04
547,3,0,-0.302,0.328
548,1,0,-0.302,-0.06
548,2,0,-0.302,-0.085
548,4,0,-0.302,0.104
549,1,0,-0.302,0.093
549,2,0,-0.302,-0.459
549,3,0,-0.302,-0.021
552,1,0,-0.302,-0.066
552,4,0,-0.302,-0.25
553,3,0,-0.302,-0.419
553,4,0,0.698,0.037
554,1,0,-0.302,0.087
555,2,0,0.698,0.212
556,2,0,-0.302,0.421
556,3,0,-0.302,-0.082
557,1,0,-0.302,-0.361
560,3,0,-0.302,-0.04
560,4,0,-0.302,0.093
561,1,0,-0.302,0.138
562,2,0,0.698,-0.329
562,4,0,0.698,0.081
563,3,0,-0.302,-0.174
564,1,0,-0.302,-0.473
564,3,0,-0.302,0.5
565,1,0,-0.302,0.101
565,3,0,-0.302,0.158
566,1,0,-0.302,0.127
566,3,0,-0.302,-0.361
567,1,0,-0.302,-0.158
567,2,0,-0.302,0.477
568,3,0,-0.302,0.053
569,1,0,-0.302,-0.163
569,2,0,0.698,0.299
569,4,0,-0.302,-0.432
570,1,0,-0.302,-0.258
571,1,0,-0.302,0.009
571,2,0,-0.302,0.349
571,4,0,-0.302,-0.431
572,1,0,-0.302,0.222
572,2,0,-0.302,-0.065
574,3,0,-0.302,-0.434
575,1,0,-0.302,-0.337
575,4,0,-0.302,0.501
576,1,0,-0.302,0.037
576,4,0,0.698,0.352
577,1,0,-0.302,0.051
578,3,0,0.698,0.436
578,4,0,-0.302,0.201
579,2,0,-0.302,0.294
580,2,0,-0.302,0.024
580,4,0,-0.302,0.216
581,2,0,-0.302,-0.416
581,3,0,-0.302,-0.271
581,4,0,-0.302,0.033
582,3,0,-0.302,0.002
582,4,0,0.698,-0.464
583,1,0,-0.302,-0.045
583,3,0,-0.302,-0.302
584,3,0,-0.302,0.408
585,1,0,-0.302,-0.181
585,3,0,-0.302,0.494
587,4,0,-0.302,0.344
588,1,0,-0.302,0.056
588,2,0,-0.302,0.498
588,4,0,-0.302,0.114
589,2,0,-0.302,0.262
589,3,0,-0.302,-0.398
589,4,0,-0.302,0.378
590,2,0,0.698,0.064
591,1,0,-0.302,0.113
591,4,0,-0.302,0.345
592,1,0,-0.302,0.347
592,2,0,-0.302,-0.409
593,4,0,-0.302,0.499
594,1,0,-0.302,0.24
594,3,0,-0.302,0.265
595,3,0,0.698,-0.192
596,4,0,-0.302,-0.484
597,3,0,-0.302,0.226
597,4,0,-0.302,-0.249
598,3,0,-0.302,-0.043
599,2,0,-0.302,-0.135
599,3,0,0.698,-0.068
600,1,0,0.698,-0.229
600,2,0,-0.302,0.093
600,3,0,-0.302,0.155
3,3,0,-0.302,-0.177
4,4,0,-0.302,-0.353
7,3,0,0.698,0.141
7,4,0,-0.302,0.096
9,1,0,-0.302,0.249
9,2,0,-0.302,0.305
9,3,0,0.698,0.325
9,4,0,-0.302,-0.136
10,1,0,-0.302,-0.208
10,2,0,0.698,-0.313
10,3,0,-0.302,0.447
10,4,0,-0.302,0.474
12,4,0,0.698,0.396
14,1,0,-0.302,0.346
14,2,0,0.698,0.439
16,1,0,-0.302,0.008
16,2,0,0.698,0.242
16,3,0,0.698,-0.427
16,4,0,-0.302,0.157
17,2,0,0.698,0.221
18,2,0,0.698,0.255
19,2,0,-0.302,-0.45
20,1,0,0.698,-0.015
22,4,0,0.698,0.403
23,1,0,-0.302,-0.158
23,3,0,0.698,-0.095
24,2,0,-0.302,-0.34
24,3,0,-0.302,0.256
24,4,0,-0.302,0.094
26,2,0,-0.302,-0.163
27,1,0,-0.302,0.165
28,4,0,0.698,0.171
31,1,0,0.698,0.393
31,2,0,-0.302,0.339
32,1,0,-0.302,-0.272
32,3,0,-0.302,-0.059
37,1,0,0.698,-0.331
38,2,0,0.698,0.367
38,4,0,-0.302,0.482
39,2,0,-0.302,-0.331
40,2,0,0.698,0.198
41,3,0,0.698,0.075
42,2,0,0.698,0.042
42,3,0,0.698,0.062
43,3,0,0.698,0.179
44,3,0,0.698,-0.319
48,1,0,-0.302,-0.405
48,2,0,-0.302,0.411
48,3,0,0.698,-0.153
48,4,0,0.698,0.15
49,2,0,-0.302,0.309
49,3,0,-0.302,0.13
49,4,0,0.698,0.135
50,2,0,-0.302,0.135
52,3,0,0.698,0.029
52,4,0,0.698,-0.351
56,4,0,0.698,-0.153
57,2,0,0.698,0.353
57,3,0,0.698,-0.259
57,4,0,0.698,-0.212
59,2,0,0.698,0.072
62,1,0,-0.302,0.442
62,2,0,-0.302,-0.234
62,3,0,-0.302,-0.12
62,4,0,0.698,-0.291
63,2,0,0.698,-0.313
64,2,0,0.698,-0.146
64,3,0,0.698,-0.288
65,4,0,-0.302,-0.279
67,4,0,0.698,-0.105
70,1,0,0.698,-0.37
71,2,0,0.698,0.412
75,2,0,-0.302,0.44
76,1,0,0.698,-0.282
76,2,0,-0.302,0.245
77,1,0,0.698,0.47
78,2,0,-0.302,-0.403
79,4,0,-0.302,0.256
81,2,0,-0.302,0.325
81,4,0,0.698,0.47
83,2,0,-0.302,0.236
84,3,0,0.698,-0.242
87,3,0,0.698,0.122
87,4,0,0.698,0.035
89,2,0,-0.302,-0.265
89,3,0,-0.302,-0.384
92,1,0,0.698,-0.316
95,3,0,-0.302,0.08
96,1,0,0.698,-0.333
101,2,0,0.698,-0.224
105,2,0,0.698,-0.287
105,4,0,0.698,-0.369
107,2,0,-0.302,-0.007
107,4,0,0.698,-0.267
110,3,0,-0.302,0.08
111,1,0,0.698,0.466
111,4,0,0.698,0.203
114,1,0,-0.302,-0.448
114,2,0,-0.302,-0.06
114,3,0,0.698,0.397
115,4,0,0.698,0.39
118,2,0,-0.302,-0.485
120,2,0,0.698,-0.305
121,1,0,-0.302,-0.128
121,2,0,0.698,-0.438
121,3,0,-0.302,0.252
122,1,0,-0.302,-0.16
122,2,0,0.698,0.305
123,4,0,0.698,0.117
124,2,0,0.698,0.221
126,3,0,0.698,-0.47
126,4,0,-0.302,0.035
127,2,0,0.698,-0.225
133,3,0,0.698,0.284
133,4,0,-0.302,0.357
134,4,0,0.698,0.055
136,2,0,-0.302,0.244
136,3,0,0.698,0.206
136,4,0,-0.302,0.499
137,1,0,0.698,0.18
137,4,0,0.698,-0.24
138,1,0,-0.302,0.292
138,2,0,-0.302,-0.091
140,1,0,-0.302,0.381
140,3,0,0.698,-0.067
141,1,0,0.698,0.325
141,3,0,0.698,0.471
142,4,0,0.698,-0.143
143,1,0,0.698,-0.09
147,3,0,0.698,0.498
148,1,0,-0.302,-0.249
148,2,0,0.698,-0.302
148,3,0,-0.302,-0.459
149,2,0,-0.302,0.465
149,3,0,0.698,-0.041
149,4,0,-0.302,-0.329
151,2,0,0.698,-0.09
152,2,0,0.698,0.487
153,2,0,0.698,-0.03
154,4,0,0.698,0.321
156,2,0,0.698,0.423
157,3,0,0.698,-0.033
162,3,0,-0.302,0.489
164,2,0,0.698,0.262
164,3,0,0.698,-0.347
165,1,0,0.698,0.419
165,4,0,0.698,-0.183
167,4,0,0.698,0.444
169,3,0,-0.302,0.329
175,2,0,-0.302,0.078
175,3,0,0.698,0.453
180,2,0,0.698,0.403
180,3,0,-0.302,0.183
180,4,0,0.698,-0.433
181,4,0,-0.302,0.474
183,4,0,-0.302,0.284
186,1,0,0.698,-0.018
186,4,0,-0.302,-0.223
187,2,0,0.698,-0.291
189,1,0,-0.302,0.356
190,3,0,0.698,-0.284
192,3,0,-0.302,-0.167
192,4,0,0.698,0.179
193,4,0,-0.302,0.322
196,1,0,-0.302,-0.201
197,1,0,0.698,0.502
201,1,0,0.698,-0.469
201,2,0,-0.302,-0.067
201,4,0,0.698,0.171
202,2,0,0.698,0.249
203,4,0,0.698,0.182
207,1,0,0.698,0.475
212,1,0,-0.302,0.044
212,2,0,-0.302,0.233
212,3,0,-0.302,0.194
212,4,0,-0.302,0.063
215,1,0,0.698,0.397
216,2,0,0.698,0.3
216,3,0,0.698,0.232
217,1,0,0.698,0.479
220,2,0,0.698,0.404
221,4,0,0.698,0.249
222,1,0,0.698,-0.253
222,2,0,0.698,0.296
223,1,0,0.698,-0.493
223,3,0,0.698,0.128
224,2,0,-0.302,0.384
224,4,0,-0.302,0.213
227,3,0,-0.302,0.246
228,1,0,-0.302,-0.027
228,2,0,0.698,-0.486
228,3,0,0.698,0.293
229,3,0,0.698,0.087
231,3,0,-0.302,-0.274
232,2,0,0.698,-0.147
232,4,0,0.698,0.487
234,2,0,0.698,-0.098
237,1,0,-0.302,0.051
237,2,0,0.698,0.241
237,3,0,-0.302,0.245
237,4,0,0.698,-0.035
239,4,0,0.698,-0.08
241,4,0,0.698,-0.017
243,3,0,0.698,0.328
243,4,0,-0.302,0.112
245,3,0,-0.302,0.304
248,2,0,-0.302,0.485
251,2,0,0.698,-0.365
251,4,0,0.698,-0.378
252,3,0,0.698,0.348
253,1,0,0.698,0.138
253,3,0,-0.302,0.152
253,4,0,-0.302,0.194
254,4,0,-0.302,-0.09
255,1,0,0.698,-0.198
256,4,0,-0.302,-0.365
259,4,0,-0.302,0.488
261,4,0,-0.302,-0.449
263,3,0,0.698,0.48
264,1,0,-0.302,0.213
264,2,0,0.698,-0.266
264,3,0,0.698,0.259
264,4,0,0.698,0.138
267,1,0,-0.302,-0.325
267,2,0,-0.302,0.231
267,3,0,-0.302,-0.405
267,4,0,0.698,-0.447
269,3,0,-0.302,0.383
271,2,0,-0.302,0.178
271,4,0,0.698,-0.385
273,1,0,-0.302,0.334
273,3,0,-0.302,0.301
273,4,0,-0.302,0.102
274,2,0,-0.302,0.143
274,4,0,0.698,-0.406
276,1,0,-0.302,0.34
276,3,0,-0.302,0.042
280,2,0,-0.302,0.204
282,1,0,-0.302,-0.44
282,3,0,0.698,-0.362
282,4,0,-0.302,0.074
283,3,0,-0.302,-0.206
283,4,0,0.698,0.43
284,1,0,0.698,-0.37
289,1,0,0.698,0.211
289,2,0,0.698,-0.04
290,3,0,0.698,-0.089
293,2,0,-0.302,0.059
294,1,0,0.698,0.135
296,2,0,0.698,-0.087
297,3,0,-0.302,0.355
298,1,0,-0.302,-0.355
298,3,0,0.698,0.062
299,1,0,-0.302,0.482
299,2,0,-0.302,-0.189
299,3,0,0.698,0.475
299,4,0,0.698,-0.14
303,2,0,0.698,0.201
304,1,0,-0.302,0.21
310,1,0,0.698,-0.157
310,2,0,0.698,0.254
312,1,0,0.698,0.363
313,3,0,-0.302,0.245
313,4,0,-0.302,0.204
315,4,0,-0.302,-0.371
316,2,0,-0.302,-0.15
316,4,0,-0.302,0.162
317,2,0,-0.302,-0.379
317,4,0,0.698,0.32
323,2,0,0.698,0.093
324,1,0,0.698,-0.442
324,3,0,0.698,0.255
324,4,0,0.698,-0.312
325,1,0,0.698,-0.175
326,2,0,0.698,0.436
327,4,0,-0.302,0.203
329,1,0,0.698,-0.263
329,4,0,0.698,0.356
332,1,0,-0.302,-0.478
332,2,0,-0.302,0.02
333,4,0,0.698,0.361
337,3,0,0.698,0.301
339,3,0,0.698,0.069
342,3,0,0.698,-0.312
343,3,0,-0.302,-0.185
344,1,0,-0.302,0.426
346,1,0,0.698,0.487
347,2,0,0.698,0.178
349,4,0,0.698,-0.236
352,3,0,0.698,-0.234
354,2,0,0.698,0.361
354,4,0,-0.302,0.362
355,2,0,-0.302,-0.361
356,1,0,0.698,0.2
357,4,0,0.698,-0.142
360,1,0,0.698,0.121
360,3,0,0.698,0.045
361,1,0,-0.302,-0.118
361,3,0,0.698,0.079
362,2,0,0.698,-0.183
362,3,0,0.698,-0.336
363,2,0,-0.302,0.144
365,2,0,0.698,0.178
365,3,0,0.698,0.386
366,4,0,0.698,-0.146
368,1,0,0.698,0.378
369,1,0,0.698,0.373
371,1,0,0.698,-0.072
372,3,0,0.698,0.425
374,1,0,-0.302,0.114
374,2,0,0.698,0.456
377,3,0,0.698,-0.47
378,2,0,-0.302,0.471
380,4,0,0.698,-0.015
381,1,0,0.698,-0.406
383,2,0,0.698,0.029
387,3,0,-0.302,0.019
387,4,0,-0.302,-0.178
388,2,0,0.698,-0.252
388,4,0,-0.302,-0.397
390,1,0,0.698,0.446
390,3,0,-0.302,0.351
390,4,0,0.698,0.395
393,1,0,-0.302,0.292
393,3,0,-0.302,0.125
394,3,0,-0.302,0.352
395,1,0,0.698,0.505
396,4,0,-0.302,0.274
399,4,0,-0.302,0.468
401,2,0,0.698,-0.111
403,1,0,-0.302,0.213
403,2,0,-0.302,0.303
403,4,0,0.698,0.036
404,4,0,0.698,-0.122
405,3,0,0.698,0.429
405,4,0,0.698,0.497
408,2,0,-0.302,-0.312
408,4,0,-0.302,-0.24
409,1,0,0.698,-0.188
409,2,0,0.698,0.497
412,4,0,-0.302,0.258
413,4,0,-0.302,0.367
415,1,0,0.698,0.192
417,2,0,-0.302,-0.165
417,3,0,0.698,0.429
418,2,0,0.698,0.479
420,2,0,-0.302,-0.057
421,3,0,0.698,0.105
422,2,0,0.698,0.148
422,3,0,0.698,0.172
423,4,0,0.698,0.446
428,3,0,-0.302,0.17
430,1,0,-0.302,0.395
430,2,0,-0.302,-0.013
430,3,0,-0.302,0.044
430,4,0,-0.302,0.2
431,1,0,0.698,0.274
431,2,0,-0.302,0.255
435,2,0,0.698,0.182
435,3,0,-0.302,0.179
436,1,0,0.698,-0.355
436,4,0,0.698,-0.221
437,4,0,0.698,0.292
438,3,0,-0.302,-0.174
438,4,0,0.698,0.134
440,2,0,0.698,0.358
440,3,0,-0.302,0.094
440,4,0,-0.302,-0.292
442,1,0,0.698,0.429
443,3,0,-0.302,0.38
444,1,0,-0.302,-0.452
444,2,0,0.698,-0.407
445,3,0,0.698,0.414
446,1,0,0.698,-0.191
448,3,0,0.698,0.08
448,4,0,-0.302,0.033
449,1,0,0.698,0.468
449,2,0,0.698,-0.106
449,3,0,-0.302,0.473
449,4,0,0.698,0.36
451,2,0,0.698,0.382
453,3,0,0.698,0.148
457,2,0,-0.302,-0.024
457,3,0,-0.302,0.319
457,4,0,0.698,0.233
458,1,0,0.698,0.069
458,3,0,0.698,-0.329
459,1,0,0.698,-0.113
459,3,0,-0.302,-0.111
460,1,0,0.698,0.438
460,2,0,0.698,0.219
461,1,0,0.698,0.211
461,2,0,-0.302,0.476
461,3,0,-0.302,0.22
463,1,0,0.698,-0.238
463,2,0,-0.302,0.29
464,2,0,-0.302,-0.172
469,1,0,0.698,0.482
469,4,0,-0.302,0.037
470,1,0,-0.302,0.258
470,2,0,-0.302,0.302
470,4,0,-0.302,0.24
471,2,0,-0.302,-0.142
472,4,0,0.698,-0.221
475,2,0,0.698,0.123
476,1,0,0.698,0.041
476,2,0,-0.302,-0.389
476,3,0,-0.302,0.067
476,4,0,-0.302,-0.452
477,3,0,-0.302,-0.241
479,2,0,0.698,0.461
480,1,0,-0.302,0.487
481,3,0,0.698,0.2
485,2,0,0.698,0.191
485,3,0,0.698,0.288
487,2,0,-0.302,0.33
487,3,0,0.698,0.226
488,1,0,-0.302,0.444
488,3,0,0.698,0.259
488,4,0,-0.302,-0.303
489,2,0,0.698,0.077
494,4,0,0.698,-0.182
495,1,0,-0.302,0.189
496,2,0,-0.302,-0.042
496,3,0,-0.302,-0.066
496,4,0,-0.302,0.336
498,1,0,0.698,-0.458
499,4,0,-0.302,-0.383
501,4,0,0.698,0.124
502,1,0,0.698,0.18
502,4,0,-0.302,-0.064
507,1,0,0.698,-0.133
507,2,0,-0.302,0.253
509,2,0,-0.302,0.24
509,3,0,0.698,-0.056
509,4,0,-0.302,-0.094
510,1,0,-0.302,0.246
511,3,0,-0.302,0.385
512,1,0,0.698,0.146
512,3,0,0.698,0.164
514,4,0,0.698,-0.299
516,1,0,0.698,-0.078
516,2,0,0.698,0.481
516,3,0,-0.302,0.375
516,4,0,0.698,-0.099
518,1,0,0.698,-0.316
518,2,0,0.698,-0.177
518,3,0,0.698,-0.355
518,4,0,0.698,0.252
519,2,0,-0.302,-0.332
519,3,0,0.698,-0.481
519,4,0,-0.302,0.193
520,1,0,-0.302,0.067
521,1,0,-0.302,0.432
521,3,0,0.698,0.407
521,4,0,0.698,-0.422
524,2,0,0.698,-0.289
524,4,0,0.698,-0.36
525,3,0,-0.302,-0.05
525,4,0,0.698,0.126
527,2,0,-0.302,0.456
528,1,0,-0.302,0.375
528,2,0,0.698,0.506
528,4,0,0.698,0.209
530,2,0,0.698,0.335
530,3,0,-0.302,0.26
530,4,0,0.698,-0.195
533,3,0,0.698,0.442
533,4,0,0.698,0.256
534,4,0,0.698,0.475
535,2,0,-0.302,-0.052
536,1,0,-0.302,-0.006
536,3,0,0.698,-0.435
536,4,0,-0.302,0.474
537,2,0,-0.302,0.378
537,4,0,0.698,0.2
538,2,0,0.698,0.49
538,4,0,0.698,0.267
539,2,0,-0.302,0.492
541,1,0,0.698,0.315
542,3,0,0.698,0.164
542,4,0,-0.302,0.055
545,3,0,-0.302,0.434
545,4,0,0.698,-0.39
546,1,0,0.698,0.34
546,3,0,-0.302,0.428
549,4,0,-0.302,-0.491
552,2,0,-0.302,-0.053
553,1,0,0.698,0.183
553,2,0,-0.302,-0.214
556,1,0,-0.302,-0.451
557,3,0,-0.302,0.4
557,4,0,0.698,0.2
558,1,0,-0.302,0.448
558,2,0,0.698,0.292
558,3,0,-0.302,0.082
558,4,0,-0.302,0.216
559,3,0,0.698,-0.271
560,2,0,-0.302,-0.41
563,1,0,-0.302,0.378
563,2,0,-0.302,-0.428
563,4,0,-0.302,0.303
565,2,0,0.698,0.346
565,4,0,-0.302,-0.114
566,2,0,0.698,-0.33
569,3,0,0.698,-0.032
570,2,0,-0.302,0.476
570,3,0,-0.302,0.244
570,4,0,0.698,-0.022
571,3,0,0.698,0.242
573,1,0,0.698,0.492
573,2,0,-0.302,0.334
573,3,0,-0.302,-0.094
573,4,0,0.698,-0.069
574,1,0,-0.302,0.072
574,2,0,-0.302,0.445
574,4,0,-0.302,0.005
579,4,0,-0.302,0.278
582,1,0,0.698,0.423
583,4,0,-0.302,0.107
588,3,0,-0.302,0.064
589,1,0,0.698,-0.275
590,1,0,-0.302,-0.345
590,3,0,0.698,-0.22
590,4,0,-0.302,0.479
594,4,0,0.698,0.043
595,2,0,-0.302,-0.275
595,4,0,0.698,0.359
596,1,0,-0.302,-0.081
596,2,0,-0.302,0.501
596,3,0,0.698,-0.304
597,1,0,-0.302,0.25
598,1,0,0.698,-0.303
598,4,0,0.698,0.134
599,1,0,0.698,-0.093
599,4,0,0.698,0.439
